<?xml version="1.0" encoding="utf-8"?>
<!--/1413520/564588/2.50/8/4/Undefined or Miscellaneous/-->
<quadcept_library>
  <setting unit="mil" />
  <textstyle name="Default" height="47.244094488189" strokewidth="7.8740157480315" charwidth="47.244094488189" />
  <textstyle name="Dimension" height="19.6850393700787" strokewidth="0" charwidth="19.6850393700787" />
  <textstyle name="H127W0635TH00762" height="50" strokewidth="3" charwidth="25" />
  <textstyle name="H15W15TH02" height="59.0551181102362" strokewidth="7.8740157480315" charwidth="59.0551181102362" />
  <padstyle name="r305_152" surface="True" plated="False" isvia="False" nopaste="False" nomask="True" complex="False" holesize="0">
    <padshape layer="TOP" shape="rectangle" width="59.842519685039" height="120.07874015748" />
    <padshape layer="TOP_SOLDER_MASK" shape="rectangle" width="67.71653543307" height="127.95275590551" />
    <padshape layer="TOP_SOLDER_PASTE" shape="rectangle" width="59.842519685039" height="120.07874015748" />
  </padstyle>
  <footprint name="AD4PS1" originx="0" originy="0" pickpointx="0" pickpointy="0">
    <pcbpin number="1" name="1" style="r305_152" originx="-150" originy="-150" rotation="0" />
    <pcbpin number="2" name="2" style="r305_152" originx="-49.999999999999" originy="-150" rotation="0" />
    <pcbpin number="3" name="3" style="r305_152" originx="49.999999999999" originy="-150" rotation="0" />
    <pcbpin number="4" name="4" style="r305_152" originx="150" originy="-150" rotation="0" />
    <pcbpin number="5" name="5" style="r305_152" originx="150" originy="150" rotation="0" />
    <pcbpin number="6" name="6" style="r305_152" originx="49.999999999999" originy="150" rotation="0" />
    <pcbpin number="7" name="7" style="r305_152" originx="-49.999999999999" originy="150" rotation="0" />
    <pcbpin number="8" name="8" style="r305_152" originx="-150" originy="150" rotation="0" />
    <line layer="TOP_ASSEMBLY" originx="-192.51968503937" originy="154.92125984252" endx="192.51968503937" endy="154.92125984252" width="7.8740157480314" />
    <line layer="TOP_ASSEMBLY" originx="192.51968503937" originy="154.92125984252" endx="192.51968503937" endy="-154.92125984252" width="7.8740157480314" />
    <line layer="TOP_ASSEMBLY" originx="192.51968503937" originy="-154.92125984252" endx="-192.51968503937" endy="-154.92125984252" width="7.8740157480314" />
    <line layer="TOP_ASSEMBLY" originx="-192.51968503937" originy="-154.92125984252" endx="-192.51968503937" endy="154.92125984252" width="7.8740157480314" />
    <line layer="TOP_PLACE_BOUND" originx="-231.88976377952" originy="249.40944881889" endx="231.88976377952" endy="249.40944881889" width="3.9370078740157" />
    <line layer="TOP_PLACE_BOUND" originx="231.88976377952" originy="249.40944881889" endx="231.88976377952" endy="-257.87401574803" width="3.9370078740157" />
    <line layer="TOP_PLACE_BOUND" originx="231.88976377952" originy="-257.87401574803" endx="-231.88976377952" endy="-257.87401574803" width="3.9370078740157" />
    <line layer="TOP_PLACE_BOUND" originx="-231.88976377952" originy="-257.87401574803" endx="-231.88976377952" endy="249.40944881889" width="3.9370078740157" />
    <line layer="TOP_SILKSCREEN" originx="-192.51968503937" originy="154.92125984252" endx="-192.51968503937" endy="-150" width="3.9370078740157" />
    <line layer="TOP_SILKSCREEN" originx="192.51968503937" originy="154.92125984252" endx="192.51968503937" endy="-154.92125984252" width="3.9370078740157" />
    <line layer="TOP_SILKSCREEN" originx="-153.54330708661" originy="-216.53543307086" endx="-153.54330708661" endy="-216.53543307086" width="3.9370078740157" />
    <arc layer="TOP_SILKSCREEN" originx="-151.5748031496" originy="-216.53543307086" startangle="180.0" sweepangle="-180.0" radius="1.9685039370078" width="3.9370078740157" />
    <line layer="TOP_SILKSCREEN" originx="-149.6062992126" originy="-216.53543307086" endx="-149.6062992126" endy="-216.53543307086" width="3.9370078740157" />
    <arc layer="TOP_SILKSCREEN" originx="-151.5748031496" originy="-216.53543307086" startangle=".0" sweepangle="-180.0" radius="1.9685039370078" width="3.9370078740157" />
  </footprint>
  <symbol name="AD4PS-1+" originx="0" originy="0">
    <line originx="200" originy="100" endx="1200" endy="100" width="0" />
    <line originx="1200" originy="-400" endx="1200" endy="100" width="0" />
    <line originx="1200" originy="-400" endx="200" endy="-400" width="0" />
    <line originx="200" originy="100" endx="200" endy="-400" width="0" />
    <sympin number="1" originx="200" originy="0" rotation="180" length="100" width="7.8740157480315" flipped="False">
      <text name="pinname" originx="230" originy="0" style="Default" rotation="0" justify="left" flipped="False" hidden="False" data="GND_1" />
      <text name="pindes" originx="140" originy="20" style="Default" rotation="0" justify="lowerright" flipped="False" hidden="False" data="1" />
    </sympin>
    <sympin number="2" originx="200" originy="-100" rotation="180" length="100" width="7.8740157480315" flipped="False">
      <text name="pinname" originx="230" originy="-100" style="Default" rotation="0" justify="left" flipped="False" hidden="False" data="SUM_PORT" />
      <text name="pindes" originx="140" originy="-80" style="Default" rotation="0" justify="lowerright" flipped="False" hidden="False" data="2" />
    </sympin>
    <sympin number="3" originx="200" originy="-200" rotation="180" length="100" width="7.8740157480315" flipped="False">
      <text name="pinname" originx="230" originy="-200" style="Default" rotation="0" justify="left" flipped="False" hidden="False" data="GND_2" />
      <text name="pindes" originx="140" originy="-180" style="Default" rotation="0" justify="lowerright" flipped="False" hidden="False" data="3" />
    </sympin>
    <sympin number="4" originx="200" originy="-300" rotation="180" length="100" width="7.8740157480315" flipped="False">
      <text name="pinname" originx="230" originy="-300" style="Default" rotation="0" justify="left" flipped="False" hidden="False" data="GND_3" />
      <text name="pindes" originx="140" originy="-280" style="Default" rotation="0" justify="lowerright" flipped="False" hidden="False" data="4" />
    </sympin>
    <sympin number="5" originx="1200" originy="-300" rotation="0" length="100" width="7.8740157480315" flipped="False">
      <text name="pinname" originx="1170" originy="-300" style="Default" rotation="0" justify="right" flipped="False" hidden="False" data="PORT_4" />
      <text name="pindes" originx="1260" originy="-280" style="Default" rotation="0" justify="lowerleft" flipped="False" hidden="False" data="5" />
    </sympin>
    <sympin number="6" originx="1200" originy="-200" rotation="0" length="100" width="7.8740157480315" flipped="False">
      <text name="pinname" originx="1170" originy="-200" style="Default" rotation="0" justify="right" flipped="False" hidden="False" data="PORT_3" />
      <text name="pindes" originx="1260" originy="-180" style="Default" rotation="0" justify="lowerleft" flipped="False" hidden="False" data="6" />
    </sympin>
    <sympin number="7" originx="1200" originy="-100" rotation="0" length="100" width="7.8740157480315" flipped="False">
      <text name="pinname" originx="1170" originy="-100" style="Default" rotation="0" justify="right" flipped="False" hidden="False" data="PORT_2" />
      <text name="pindes" originx="1260" originy="-80" style="Default" rotation="0" justify="lowerleft" flipped="False" hidden="False" data="7" />
    </sympin>
    <sympin number="8" originx="1200" originy="0" rotation="0" length="100" width="7.8740157480315" flipped="False">
      <text name="pinname" originx="1170" originy="0" style="Default" rotation="0" justify="right" flipped="False" hidden="False" data="PORT_1" />
      <text name="pindes" originx="1260" originy="20" style="Default" rotation="0" justify="lowerleft" flipped="False" hidden="False" data="8" />
    </sympin>
  </symbol>
  <component name="AD4PS-1+" designatorprefix="U" height="214.96062992126" footprint="AD4PS1">
    <comppin designator="1" sympin="1" pinswap="0" gateswap="0" gate="1" group="1" side="" type="Any" name="GND_1" />
    <comppin designator="2" sympin="2" pinswap="0" gateswap="0" gate="1" group="1" side="" type="Any" name="SUM_PORT" />
    <comppin designator="3" sympin="3" pinswap="0" gateswap="0" gate="1" group="1" side="" type="Any" name="GND_2" />
    <comppin designator="4" sympin="4" pinswap="0" gateswap="0" gate="1" group="1" side="" type="Any" name="GND_3" />
    <comppin designator="5" sympin="5" pinswap="0" gateswap="0" gate="1" group="1" side="" type="Any" name="PORT_4" />
    <comppin designator="6" sympin="6" pinswap="0" gateswap="0" gate="1" group="1" side="" type="Any" name="PORT_3" />
    <comppin designator="7" sympin="7" pinswap="0" gateswap="0" gate="1" group="1" side="" type="Any" name="PORT_2" />
    <comppin designator="8" sympin="8" pinswap="0" gateswap="0" gate="1" group="1" side="" type="Any" name="PORT_1" />
    <attached_symbol gate="1" name="AD4PS-1+" />
    <pinmap designator="1" footprintpin="1" />
    <pinmap designator="2" footprintpin="2" />
    <pinmap designator="3" footprintpin="3" />
    <pinmap designator="4" footprintpin="4" />
    <pinmap designator="5" footprintpin="5" />
    <pinmap designator="6" footprintpin="6" />
    <pinmap designator="7" footprintpin="7" />
    <pinmap designator="8" footprintpin="8" />
    <text name="Datasheet" originx="0" originy="0" style="Default" rotation="0" justify="" flipped="False" hidden="True" data="https://datasheet.datasheetarchive.com/originals/distributors/Datasheets-28/DSA-545302.pdf" />
    <text name="Description" originx="0" originy="0" style="Default" rotation="0" justify="" flipped="False" hidden="True" data="Surface Mount Power Splitter/Combiner" />
    <text name="Mouser Part Number" originx="0" originy="0" style="Default" rotation="0" justify="" flipped="False" hidden="True" data="139-AD4PS-1" />
    <text name="Mouser Price/Stock" originx="0" originy="0" style="Default" rotation="0" justify="" flipped="False" hidden="True" data="https://www.mouser.co.uk/ProductDetail/Mini-Circuits/AD4PS-1%2b?qs=xZ%2FP%252Ba9zWqZJZSnldG1sZA%3D%3D" />
    <text name="Manufacturer_Name" originx="0" originy="0" style="Default" rotation="0" justify="" flipped="False" hidden="True" data="Mini-Circuits" />
    <text name="Manufacturer_Part_Number" originx="1250" originy="200" style="Default" rotation="0" justify="left" flipped="False" hidden="False" data="AD4PS-1+" />
  </component>
</quadcept_library>
